"filename", "language", "Markdown", "C++", "LinkerScript", "C", "Properties", "x86 and x86_64 Assembly", "Makefile", "comment", "blank", "total"
"/mnt/HDD 500GB/Coding/Belqen/Makefile", "Makefile", 0, 0, 0, 0, 0, 0, 186, 0, 61, 247
"/mnt/HDD 500GB/Coding/Belqen/README.md", "Markdown", 135, 0, 0, 0, 0, 0, 0, 0, 80, 215
"/mnt/HDD 500GB/Coding/Belqen/iso/boot/grub/grub.cfg", "Properties", 0, 0, 0, 0, 4, 0, 0, 0, 0, 4
"/mnt/HDD 500GB/Coding/Belqen/src/apps/calculator/calculator.cpp", "C++", 0, 11, 0, 0, 0, 0, 0, 0, 3, 14
"/mnt/HDD 500GB/Coding/Belqen/src/apps/calculator/calculator.h", "C++", 0, 4, 0, 0, 0, 0, 0, 0, 2, 6
"/mnt/HDD 500GB/Coding/Belqen/src/apps/diskmanager/diskmanager.cpp", "C++", 0, 264, 0, 0, 0, 0, 0, 0, 57, 321
"/mnt/HDD 500GB/Coding/Belqen/src/apps/diskmanager/diskmanager.h", "C++", 0, 4, 0, 0, 0, 0, 0, 0, 2, 6
"/mnt/HDD 500GB/Coding/Belqen/src/apps/filebrowser/filebrowser.cpp", "C++", 0, 177, 0, 0, 0, 0, 0, 1, 45, 223
"/mnt/HDD 500GB/Coding/Belqen/src/apps/filebrowser/filebrowser.h", "C++", 0, 4, 0, 0, 0, 0, 0, 0, 2, 6
"/mnt/HDD 500GB/Coding/Belqen/src/apps/logs/logs.cpp", "C++", 0, 109, 0, 0, 0, 0, 0, 0, 35, 144
"/mnt/HDD 500GB/Coding/Belqen/src/apps/logs/logs.h", "C++", 0, 4, 0, 0, 0, 0, 0, 0, 2, 6
"/mnt/HDD 500GB/Coding/Belqen/src/apps/terminal/terminal.cpp", "C++", 0, 11, 0, 0, 0, 0, 0, 0, 3, 14
"/mnt/HDD 500GB/Coding/Belqen/src/apps/terminal/terminal.h", "C++", 0, 4, 0, 0, 0, 0, 0, 0, 3, 7
"/mnt/HDD 500GB/Coding/Belqen/src/apps/texteditor/texteditor.c", "C", 0, 0, 0, 11, 0, 0, 0, 0, 3, 14
"/mnt/HDD 500GB/Coding/Belqen/src/apps/texteditor/texteditor.h", "C++", 0, 4, 0, 0, 0, 0, 0, 0, 2, 6
"/mnt/HDD 500GB/Coding/Belqen/src/boot/boot.asm", "x86 and x86_64 Assembly", 0, 0, 0, 0, 0, 112, 0, 5, 42, 159
"/mnt/HDD 500GB/Coding/Belqen/src/kernel/boot/multiboot.c", "C", 0, 0, 0, 74, 0, 0, 0, 0, 17, 91
"/mnt/HDD 500GB/Coding/Belqen/src/kernel/boot/multiboot.h", "C++", 0, 13, 0, 0, 0, 0, 0, 0, 7, 20
"/mnt/HDD 500GB/Coding/Belqen/src/kernel/core/ipc.c", "C", 0, 0, 0, 117, 0, 0, 0, 0, 31, 148
"/mnt/HDD 500GB/Coding/Belqen/src/kernel/core/ipc.h", "C++", 0, 30, 0, 0, 0, 0, 0, 0, 11, 41
"/mnt/HDD 500GB/Coding/Belqen/src/kernel/core/log.c", "C", 0, 0, 0, 168, 0, 0, 0, 0, 42, 210
"/mnt/HDD 500GB/Coding/Belqen/src/kernel/core/log.h", "C++", 0, 17, 0, 0, 0, 0, 0, 0, 11, 28
"/mnt/HDD 500GB/Coding/Belqen/src/kernel/core/process.c", "C", 0, 0, 0, 149, 0, 0, 0, 0, 33, 182
"/mnt/HDD 500GB/Coding/Belqen/src/kernel/core/process.h", "C++", 0, 44, 0, 0, 0, 0, 0, 0, 14, 58
"/mnt/HDD 500GB/Coding/Belqen/src/kernel/core/scheduler.c", "C", 0, 0, 0, 143, 0, 0, 0, 0, 41, 184
"/mnt/HDD 500GB/Coding/Belqen/src/kernel/core/scheduler.h", "C++", 0, 33, 0, 0, 0, 0, 0, 0, 17, 50
"/mnt/HDD 500GB/Coding/Belqen/src/kernel/core/task.c", "C", 0, 0, 0, 14, 0, 0, 0, 0, 4, 18
"/mnt/HDD 500GB/Coding/Belqen/src/kernel/core/task.h", "C++", 0, 19, 0, 0, 0, 0, 0, 0, 8, 27
"/mnt/HDD 500GB/Coding/Belqen/src/kernel/core/task_switch.asm", "x86 and x86_64 Assembly", 0, 0, 0, 0, 0, 40, 0, 2, 7, 49
"/mnt/HDD 500GB/Coding/Belqen/src/kernel/core/thread.c", "C", 0, 0, 0, 211, 0, 0, 0, 0, 44, 255
"/mnt/HDD 500GB/Coding/Belqen/src/kernel/core/thread.h", "C++", 0, 70, 0, 0, 0, 0, 0, 0, 18, 88
"/mnt/HDD 500GB/Coding/Belqen/src/kernel/drivers/ahci/ahci.c", "C", 0, 0, 0, 47, 0, 0, 0, 0, 5, 52
"/mnt/HDD 500GB/Coding/Belqen/src/kernel/drivers/ahci/ahci.h", "C++", 0, 12, 0, 0, 0, 0, 0, 0, 6, 18
"/mnt/HDD 500GB/Coding/Belqen/src/kernel/drivers/ethernet/e1000/e1000.c", "C", 0, 0, 0, 306, 0, 0, 0, 0, 62, 368
"/mnt/HDD 500GB/Coding/Belqen/src/kernel/drivers/ethernet/e1000/e1000.h", "C++", 0, 15, 0, 0, 0, 0, 0, 0, 9, 24
"/mnt/HDD 500GB/Coding/Belqen/src/kernel/drivers/ethernet/ethernet.c", "C", 0, 0, 0, 80, 0, 0, 0, 0, 17, 97
"/mnt/HDD 500GB/Coding/Belqen/src/kernel/drivers/ethernet/ethernet.h", "C++", 0, 25, 0, 0, 0, 0, 0, 0, 10, 35
"/mnt/HDD 500GB/Coding/Belqen/src/kernel/drivers/ide/ide.c", "C", 0, 0, 0, 288, 0, 0, 0, 0, 65, 353
"/mnt/HDD 500GB/Coding/Belqen/src/kernel/drivers/ide/ide.h", "C++", 0, 14, 0, 0, 0, 0, 0, 0, 8, 22
"/mnt/HDD 500GB/Coding/Belqen/src/kernel/drivers/pci/pci.c", "C", 0, 0, 0, 109, 0, 0, 0, 0, 21, 130
"/mnt/HDD 500GB/Coding/Belqen/src/kernel/drivers/pci/pci.h", "C++", 0, 27, 0, 0, 0, 0, 0, 0, 12, 39
"/mnt/HDD 500GB/Coding/Belqen/src/kernel/drivers/ps2/ps2.c", "C", 0, 0, 0, 180, 0, 0, 0, 0, 48, 228
"/mnt/HDD 500GB/Coding/Belqen/src/kernel/drivers/ps2/ps2.h", "C++", 0, 17, 0, 0, 0, 0, 0, 0, 11, 28
"/mnt/HDD 500GB/Coding/Belqen/src/kernel/drivers/serial/serial.c", "C", 0, 0, 0, 34, 0, 0, 0, 0, 7, 41
"/mnt/HDD 500GB/Coding/Belqen/src/kernel/drivers/serial/serial.h", "C++", 0, 13, 0, 0, 0, 0, 0, 0, 7, 20
"/mnt/HDD 500GB/Coding/Belqen/src/kernel/drivers/usb/usb.c", "C", 0, 0, 0, 725, 0, 0, 0, 0, 167, 892
"/mnt/HDD 500GB/Coding/Belqen/src/kernel/drivers/usb/usb.h", "C++", 0, 30, 0, 0, 0, 0, 0, 0, 7, 37
"/mnt/HDD 500GB/Coding/Belqen/src/kernel/framebuffer/framebuffer.c", "C", 0, 0, 0, 8, 0, 0, 0, 0, 3, 11
"/mnt/HDD 500GB/Coding/Belqen/src/kernel/framebuffer/framebuffer.h", "C++", 0, 18, 0, 0, 0, 0, 0, 0, 7, 25
"/mnt/HDD 500GB/Coding/Belqen/src/kernel/framebuffer/framebuffer_console.c", "C", 0, 0, 0, 177, 0, 0, 0, 0, 21, 198
"/mnt/HDD 500GB/Coding/Belqen/src/kernel/framebuffer/framebuffer_console.h", "C++", 0, 12, 0, 0, 0, 0, 0, 0, 5, 17
"/mnt/HDD 500GB/Coding/Belqen/src/kernel/inputs/keyboard.c", "C", 0, 0, 0, 100, 0, 0, 0, 0, 28, 128
"/mnt/HDD 500GB/Coding/Belqen/src/kernel/inputs/keyboard.h", "C++", 0, 16, 0, 0, 0, 0, 0, 0, 10, 26
"/mnt/HDD 500GB/Coding/Belqen/src/kernel/inputs/mouse.c", "C", 0, 0, 0, 162, 0, 0, 0, 0, 43, 205
"/mnt/HDD 500GB/Coding/Belqen/src/kernel/inputs/mouse.h", "C++", 0, 24, 0, 0, 0, 0, 0, 0, 14, 38
"/mnt/HDD 500GB/Coding/Belqen/src/kernel/interrupts/apic.c", "C", 0, 0, 0, 389, 0, 0, 0, 1, 92, 482
"/mnt/HDD 500GB/Coding/Belqen/src/kernel/interrupts/apic.h", "C++", 0, 19, 0, 0, 0, 0, 0, 0, 13, 32
"/mnt/HDD 500GB/Coding/Belqen/src/kernel/interrupts/interrupts.asm", "x86 and x86_64 Assembly", 0, 0, 0, 0, 0, 128, 0, 0, 16, 144
"/mnt/HDD 500GB/Coding/Belqen/src/kernel/interrupts/interrupts.c", "C", 0, 0, 0, 624, 0, 0, 0, 0, 95, 719
"/mnt/HDD 500GB/Coding/Belqen/src/kernel/interrupts/interrupts.h", "C++", 0, 45, 0, 0, 0, 0, 0, 0, 16, 61
"/mnt/HDD 500GB/Coding/Belqen/src/kernel/kernel.c", "C", 0, 0, 0, 78, 0, 0, 0, 0, 4, 82
"/mnt/HDD 500GB/Coding/Belqen/src/kernel/memory/address_space.c", "C", 0, 0, 0, 229, 0, 0, 0, 0, 74, 303
"/mnt/HDD 500GB/Coding/Belqen/src/kernel/memory/address_space.h", "C++", 0, 31, 0, 0, 0, 0, 0, 0, 16, 47
"/mnt/HDD 500GB/Coding/Belqen/src/kernel/memory/heap.c", "C", 0, 0, 0, 143, 0, 0, 0, 0, 43, 186
"/mnt/HDD 500GB/Coding/Belqen/src/kernel/memory/heap.h", "C++", 0, 14, 0, 0, 0, 0, 0, 0, 8, 22
"/mnt/HDD 500GB/Coding/Belqen/src/kernel/memory/malloc.c", "C", 0, 0, 0, 8, 0, 0, 0, 0, 2, 10
"/mnt/HDD 500GB/Coding/Belqen/src/kernel/memory/malloc.h", "C++", 0, 12, 0, 0, 0, 0, 0, 0, 6, 18
"/mnt/HDD 500GB/Coding/Belqen/src/kernel/memory/memory.h", "C++", 0, 16, 0, 0, 0, 0, 0, 0, 6, 22
"/mnt/HDD 500GB/Coding/Belqen/src/kernel/memory/pmm.c", "C", 0, 0, 0, 209, 0, 0, 0, 0, 65, 274
"/mnt/HDD 500GB/Coding/Belqen/src/kernel/memory/pmm.h", "C++", 0, 16, 0, 0, 0, 0, 0, 0, 10, 26
"/mnt/HDD 500GB/Coding/Belqen/src/kernel/memory/vmm.c", "C", 0, 0, 0, 202, 0, 0, 0, 0, 70, 272
"/mnt/HDD 500GB/Coding/Belqen/src/kernel/memory/vmm.h", "C++", 0, 27, 0, 0, 0, 0, 0, 0, 14, 41
"/mnt/HDD 500GB/Coding/Belqen/src/kernel/network/arp/arp.c", "C", 0, 0, 0, 134, 0, 0, 0, 0, 28, 162
"/mnt/HDD 500GB/Coding/Belqen/src/kernel/network/arp/arp.h", "C++", 0, 13, 0, 0, 0, 0, 0, 0, 7, 20
"/mnt/HDD 500GB/Coding/Belqen/src/kernel/network/dhcp/dhcp.c", "C", 0, 0, 0, 268, 0, 0, 0, 0, 57, 325
"/mnt/HDD 500GB/Coding/Belqen/src/kernel/network/dhcp/dhcp.h", "C++", 0, 13, 0, 0, 0, 0, 0, 0, 7, 20
"/mnt/HDD 500GB/Coding/Belqen/src/kernel/network/icmp/icmp.c", "C", 0, 0, 0, 76, 0, 0, 0, 0, 21, 97
"/mnt/HDD 500GB/Coding/Belqen/src/kernel/network/icmp/icmp.h", "C++", 0, 12, 0, 0, 0, 0, 0, 0, 6, 18
"/mnt/HDD 500GB/Coding/Belqen/src/kernel/network/ipv4/ipv4.c", "C", 0, 0, 0, 164, 0, 0, 0, 0, 40, 204
"/mnt/HDD 500GB/Coding/Belqen/src/kernel/network/ipv4/ipv4.h", "C++", 0, 22, 0, 0, 0, 0, 0, 0, 14, 36
"/mnt/HDD 500GB/Coding/Belqen/src/kernel/network/ipv6/ipv6.c", "C", 0, 0, 0, 27, 0, 0, 0, 0, 6, 33
"/mnt/HDD 500GB/Coding/Belqen/src/kernel/network/ipv6/ipv6.h", "C++", 0, 15, 0, 0, 0, 0, 0, 0, 7, 22
"/mnt/HDD 500GB/Coding/Belqen/src/kernel/network/udp/udp.c", "C", 0, 0, 0, 49, 0, 0, 0, 0, 11, 60
"/mnt/HDD 500GB/Coding/Belqen/src/kernel/network/udp/udp.h", "C++", 0, 13, 0, 0, 0, 0, 0, 0, 7, 20
"/mnt/HDD 500GB/Coding/Belqen/src/kernel/storage/block.c", "C", 0, 0, 0, 70, 0, 0, 0, 0, 23, 93
"/mnt/HDD 500GB/Coding/Belqen/src/kernel/storage/block.h", "C++", 0, 41, 0, 0, 0, 0, 0, 0, 15, 56
"/mnt/HDD 500GB/Coding/Belqen/src/kernel/storage/partition/filesystem/fat32/fat32.c", "C", 0, 0, 0, 934, 0, 0, 0, 0, 256, 1190
"/mnt/HDD 500GB/Coding/Belqen/src/kernel/storage/partition/filesystem/fat32/fat32.h", "C++", 0, 52, 0, 0, 0, 0, 0, 0, 17, 69
"/mnt/HDD 500GB/Coding/Belqen/src/kernel/storage/partition/filesystem/filesystem.c", "C", 0, 0, 0, 64, 0, 0, 0, 0, 20, 84
"/mnt/HDD 500GB/Coding/Belqen/src/kernel/storage/partition/filesystem/filesystem.h", "C++", 0, 32, 0, 0, 0, 0, 0, 0, 14, 46
"/mnt/HDD 500GB/Coding/Belqen/src/kernel/storage/partition/partition.c", "C", 0, 0, 0, 373, 0, 0, 0, 0, 105, 478
"/mnt/HDD 500GB/Coding/Belqen/src/kernel/storage/partition/partition.h", "C++", 0, 39, 0, 0, 0, 0, 0, 0, 17, 56
"/mnt/HDD 500GB/Coding/Belqen/src/kernel/storage/storage.c", "C", 0, 0, 0, 107, 0, 0, 0, 0, 31, 138
"/mnt/HDD 500GB/Coding/Belqen/src/kernel/storage/storage.h", "C++", 0, 16, 0, 0, 0, 0, 0, 0, 10, 26
"/mnt/HDD 500GB/Coding/Belqen/src/linker.ld", "LinkerScript", 0, 0, 34, 0, 0, 0, 0, 0, 9, 43
"/mnt/HDD 500GB/Coding/Belqen/src/os/app.h", "C++", 0, 9, 0, 0, 0, 0, 0, 0, 4, 13
"/mnt/HDD 500GB/Coding/Belqen/src/os/app_registry.h", "C++", 0, 24, 0, 0, 0, 0, 0, 0, 9, 33
"/mnt/HDD 500GB/Coding/Belqen/src/os/desktop.cpp", "C++", 0, 102, 0, 0, 0, 0, 0, 0, 23, 125
"/mnt/HDD 500GB/Coding/Belqen/src/os/desktop.h", "C++", 0, 6, 0, 0, 0, 0, 0, 0, 4, 10
"/mnt/HDD 500GB/Coding/Belqen/src/os/font.cpp", "C++", 0, 446, 0, 0, 0, 0, 0, 0, 61, 507
"/mnt/HDD 500GB/Coding/Belqen/src/os/font.h", "C++", 0, 7, 0, 0, 0, 0, 0, 0, 5, 12
"/mnt/HDD 500GB/Coding/Belqen/src/os/graphics.cpp", "C++", 0, 84, 0, 0, 0, 0, 0, 1, 23, 108
"/mnt/HDD 500GB/Coding/Belqen/src/os/graphics.h", "C++", 0, 17, 0, 0, 0, 0, 0, 0, 10, 27
"/mnt/HDD 500GB/Coding/Belqen/src/os/os.cpp", "C++", 0, 36, 0, 0, 0, 0, 0, 2, 6, 44
"/mnt/HDD 500GB/Coding/Belqen/src/os/os.h", "C++", 0, 11, 0, 0, 0, 0, 0, 0, 5, 16
"/mnt/HDD 500GB/Coding/Belqen/src/os/os_mouse.cpp", "C++", 0, 48, 0, 0, 0, 0, 0, 0, 6, 54
"/mnt/HDD 500GB/Coding/Belqen/src/os/os_mouse.h", "C++", 0, 5, 0, 0, 0, 0, 0, 0, 3, 8
"/mnt/HDD 500GB/Coding/Belqen/src/os/taskbar.cpp", "C++", 0, 72, 0, 0, 0, 0, 0, 2, 16, 90
"/mnt/HDD 500GB/Coding/Belqen/src/os/taskbar.h", "C++", 0, 6, 0, 0, 0, 0, 0, 0, 3, 9
"/mnt/HDD 500GB/Coding/Belqen/src/os/ui.cpp", "C++", 0, 393, 0, 0, 0, 0, 0, 1, 107, 501
"/mnt/HDD 500GB/Coding/Belqen/src/os/ui.h", "C++", 0, 44, 0, 0, 0, 0, 0, 0, 21, 65
"Total", "-", 135, 2803, 34, 7251, 4, 280, 186, 15, 2824, 13532